What's your name?,What's your Member ID?,Which week is this?,Which contribution are you reporting on?,Link to your contribution README,Which submission are you completing?,What phase are you currently in?,Direct link to your GitLab issue,"Have you completed the ""Why I chose this issue"" section in your README?",Direct link to your GitLab fork,Have you documented your reproduction process in your README?,Have you documented your solution approach in your README?,Have you documented your implementation progress in your README?,Have you documented your testing strategy in your README?,Direct link to your Merge Request (MR) or Pull Request (PR),Have you documented any maintainer feedback in your README?,What phase are you currently in?.1,Briefly summarize what you accomplished this week,What's your plan for next week?,Are you currently blocked or stuck?,Describe what you're blocked on,What kind of support would help you most right now?,Submitted At,Token
Christopher Wilson,CW-010,Week 1,Contribution 1,https://github.com/christopherwilson/codepath-sp26-gitlab/blob/main/contribution-1-README.md,Wednesday Check-In (mid-week pulse check),Phase 1: Issue Selection,https://gitlab.com/gitlab-org/gitlab/-/issues/45012,TRUE,,,,,,,FALSE,Phase 1: Issue Selection,Researching issues,Continue research,FALSE,,,1/14/2026 18:30,4lk5vzybatlh314n22uxkfyw3h7thur5
Christopher Wilson,CW-010,Week 1,Contribution 1,https://github.com/christopherwilson/codepath-sp26-gitlab/blob/main/contribution-1-README.md,Sunday Checkpoint (official weekly submission),Phase 1: Issue Selection,https://gitlab.com/gitlab-org/gitlab/-/issues/45012,TRUE,,,,,,,FALSE,Phase 1: Issue Selection,Selected issue #45012,Start reproduction,FALSE,,,1/18/2026 20:30,503mrrsjfox9ky2dqmwhcs5pr5mi4wch
Christopher Wilson,CW-010,Week 2,Contribution 1,https://github.com/christopherwilson/codepath-sp26-gitlab/blob/main/contribution-1-README.md,Wednesday Check-In (mid-week pulse check),Phase 2: Reproduction & Planning,https://gitlab.com/gitlab-org/gitlab/-/issues/45012,TRUE,https://gitlab.com/christopherwilson/gitlab,0,0,0,0,,FALSE,Phase 2: Reproduction & Planning,Setting up fork but having issues,Continue setup,FALSE,,,1/21/2026 18:30,3r8e56xh0055hs1limm2zd4ak4t779w3
Christopher Wilson,CW-010,Week 2,Contribution 1,https://github.com/christopherwilson/codepath-sp26-gitlab/blob/main/contribution-1-README.md,Sunday Checkpoint (official weekly submission),Phase 2: Reproduction & Planning,https://gitlab.com/gitlab-org/gitlab/-/issues/45012,TRUE,https://gitlab.com/christopherwilson/gitlab,0,0,0,0,,FALSE,Phase 2: Reproduction & Planning,Fork created but reproduction not complete,Continue reproduction,FALSE,,,1/25/2026 20:30,epu6n2vu52qil5iedkkh4zyg4ookvr3n
Christopher Wilson,CW-010,Week 3,Contribution 1,https://github.com/christopherwilson/codepath-sp26-gitlab/blob/main/contribution-1-README.md,Wednesday Check-In (mid-week pulse check),Phase 2: Reproduction & Planning,https://gitlab.com/gitlab-org/gitlab/-/issues/45012,TRUE,https://gitlab.com/christopherwilson/gitlab,0,0,0,0,,FALSE,Phase 2: Reproduction & Planning,Still working on reproduction,Continue reproduction,FALSE,,,1/28/2026 18:30,bcddxoo1pq55itz51vtzlbl4sc27na1l
Christopher Wilson,CW-010,Week 3,Contribution 1,https://github.com/christopherwilson/codepath-sp26-gitlab/blob/main/contribution-1-README.md,Sunday Checkpoint (official weekly submission),Phase 2: Reproduction & Planning,https://gitlab.com/gitlab-org/gitlab/-/issues/45012,TRUE,https://gitlab.com/christopherwilson/gitlab,0,0,0,0,,FALSE,Phase 2: Reproduction & Planning,Still working on reproduction,Finish reproduction,FALSE,,,2/1/2026 20:30,7mgsaf4a683nn7ihu01lrn0p3fcrunig
Christopher Wilson,CW-010,Week 4,Contribution 1,https://github.com/christopherwilson/codepath-sp26-gitlab/blob/main/contribution-1-README.md,Wednesday Check-In (mid-week pulse check),Phase 3: Implementation,https://gitlab.com/gitlab-org/gitlab/-/issues/45012,TRUE,https://gitlab.com/christopherwilson/gitlab,1,1,0,0,,FALSE,Phase 3: Implementation,Started branch but implementation incomplete,Continue implementation,FALSE,,,2/4/2026 18:30,jhuedvnmbdjuntetdxd9fwew1uav4pq4
Christopher Wilson,CW-010,Week 4,Contribution 1,https://github.com/christopherwilson/codepath-sp26-gitlab/blob/main/contribution-1-README.md,Sunday Checkpoint (official weekly submission),Phase 3: Implementation,https://gitlab.com/gitlab-org/gitlab/-/issues/45012,TRUE,https://gitlab.com/christopherwilson/gitlab,1,1,0,0,,FALSE,Phase 3: Implementation,Branch created but implementation incomplete,Continue implementation,FALSE,,,2/8/2026 20:30,moin0sypcs7kffoz4n6iww4p739r0vyl
Christopher Wilson,CW-010,Week 5,Contribution 1,https://github.com/christopherwilson/codepath-sp26-gitlab/blob/main/contribution-1-README.md,Wednesday Check-In (mid-week pulse check),Phase 3: Implementation,https://gitlab.com/gitlab-org/gitlab/-/issues/45012,TRUE,https://gitlab.com/christopherwilson/gitlab,1,1,0,0,,FALSE,Phase 3: Implementation,Implementation still incomplete,Continue implementation,FALSE,,,2/11/2026 18:30,8bj9q2a1fttiscxsqyzsg8oyes1309i1
Christopher Wilson,CW-010,Week 5,Contribution 1,https://github.com/christopherwilson/codepath-sp26-gitlab/blob/main/contribution-1-README.md,Sunday Checkpoint (official weekly submission),Phase 3: Implementation,https://gitlab.com/gitlab-org/gitlab/-/issues/45012,TRUE,https://gitlab.com/christopherwilson/gitlab,1,1,0,0,,FALSE,Phase 3: Implementation,Implementation still incomplete,Finish implementation,FALSE,,,2/15/2026 20:30,ujwyazveoz0dmmqboeprjet6summ73dl
Christopher Wilson,CW-010,Week 6,Contribution 1,https://github.com/christopherwilson/codepath-sp26-gitlab/blob/main/contribution-1-README.md,Sunday Checkpoint (official weekly submission),Phase 3: Implementation,https://gitlab.com/gitlab-org/gitlab/-/issues/45012,TRUE,https://gitlab.com/christopherwilson/gitlab,1,1,0,0,,FALSE,Phase 3: Implementation,Still working on implementation,Finish implementation and testing,FALSE,,,2/22/2026 20:30,n7lkhpkf2cmfeqbgavc2hcsmyuy1bljw
